,Title,URL,Description,Sponsor,Type,Deadline,Image Link
0,Saul Kagan Fellowship in Advanced Shoah Studies,https://phd.northeastern.edu/opportunity/saul-kagan-fellowship-in-advanced-shoah-studies-2/," Claims Conference Kagan Fellowships are available for doctoral and post-doctoral candidates around the world conducting Holocaust-related research. Each year, the… ",Conference on Jewish Material Claims Against Germany,Fellowship,12/22/2023,https://phd.northeastern.edu/wp-content/uploads/2022/11/Claims-Conference.png
1,Harvard University – John F. Kennedy School of Government – Belfer Center for Science and International Affairs – Predoctoral and Postdoctoral Fellowships,https://phd.northeastern.edu/opportunity/harvard-university-john-f-kennedy-school-of-government-belfer-center-for-science-and-international-affairs-predoctoral-and-postdoctoral-fellowships-3/, The Belfer Center for Science and International Affairs offers research fellowships during the academic year to individuals who wish to… ,Harvard University,"Experiential PhD Opportunities, Fellowship, Predoctoral, Postdoctoral",12/01/2023,https://phd.northeastern.edu/wp-content/uploads/2018/01/belfer.jpg
2,Harvard University – John F. Kennedy School of Government – Belfer Center for Science and International Affairs – Artic Initiative,https://phd.northeastern.edu/opportunity/harvard-university-john-f-kennedy-school-of-government-belfer-center-for-science-and-international-affairs-artic-initiative-2/," In the 2024-2025  academic year, we will prioritize policy-focused proposals on: Permafrost Thaw (policy implications of improved understanding of how pace… ",Harvard University,"Experiential PhD Opportunities, Fellowship, Predoctoral, Postdoctoral",12/01/2023,https://phd.northeastern.edu/wp-content/uploads/2018/01/belfer.jpg
3,Kate Neal Kinley Memorial Fellowship,https://phd.northeastern.edu/opportunity/kate-neal-kinley-memorial-fellowship-2/," Are you seeking advanced study in architecture, art, dance, landscape architecture, music, theatre, or urban and regional planning? We invite… ",Illinois College of Fine & Applied Arts,"Fellowship, Predoctoral",12/01/2023,https://phd.northeastern.edu/wp-content/uploads/2022/10/Illinois-College-of-Fine-Applied-Arts.png
4,American Druze Foundation Fellowship,https://phd.northeastern.edu/opportunity/american-druze-foundation-fellowship-2/, The Georgetown University Center for Contemporary Arab Studies (CCAS) is pleased to partner with the American Druze Foundation (ADF) to… ,Georgetown University,"Experiential PhD Opportunities, Fellowship, Postdoctoral",01/05/2024,https://phd.northeastern.edu/wp-content/uploads/2022/11/Center-for-Contemporary-Arab-Studies.jpg
5,American Physiological Society Early-Career Advocacy Fellowship,https://phd.northeastern.edu/opportunity/american-physiological-society-early-career-advocacy-fellowship-2/, This two-year program seeks to engage early-career investigators in advocacy activities and provide them with skills to become long-term advocates… ,APS - American Physiological Society,"Fellowship, Predoctoral, Postdoctoral",12/01/2023,https://phd.northeastern.edu/wp-content/uploads/2022/11/American-Physiological-Society.jpg
6,Autism Science Foundation (ASF) – Predoctoral and Postdoctoral Fellowship,https://phd.northeastern.edu/opportunity/autism-science-foundation-asf-predoctoral-and-postdoctoral-fellowship-2/," The Autism Science Foundation invites applications for its Pre- and Postdoctoral Training Awards from graduate students, medical students and postdoctoral… ",ASF - Autism Science Foundation,"Fellowship, Predoctoral, Postdoctoral",12/08/2023,https://phd.northeastern.edu/wp-content/uploads/2017/10/ASF_Stacked_logo-1024x864.jpg
7,CAORC Multi-Country Research Fellowship Program,https://phd.northeastern.edu/opportunity/caorc-multi-country-research-fellowship-program-2/, The Multi-Country Research Fellowship enables US scholars to carry out trans-regional and comparative research in countries across the network of… ,Council of American Overseas Research Centers,"Travel Award, Predoctoral, Postdoctoral",12/06/2023,https://phd.northeastern.edu/wp-content/uploads/2020/11/1-1.png
8,Cystic Fibrosis Foundation Postdoctoral Research Fellowship Award,https://phd.northeastern.edu/opportunity/cystic-fibrosis-foundation-postdoctoral-research-fellowship-award-2/, Postdoctoral research fellowship awards are offered for support of postdoctoral research training related to cystic fibrosis. Preference will be given… ,Cystic Fibrosis Foundation,"Fellowship, Postdoctoral",12/07/2023,https://phd.northeastern.edu/wp-content/uploads/2022/11/Cystic-Fibrosis-Foundation.png
9,Ford Foundation Dissertation Fellowships,https://phd.northeastern.edu/opportunity/ford-foundation-dissertation-fellowships-3/, The dissertation fellowships provide one year of support for individuals working to complete a dissertation leading to a Doctor of… ,Ford Foundation,"Fellowship, Predoctoral",12/12/2023,https://phd.northeastern.edu/wp-content/uploads/2021/01/ford.jpg
10,Ford Foundation Postdoctoral Fellowship,https://phd.northeastern.edu/opportunity/ford-foundation-postdoctoral-fellowship-6/," Postdoctoral fellowships will be awarded in a national competition administered by the National Academies of Sciences, Engineering, and Medicine on… ",Ford Foundation,"Fellowship, Postdoctoral",12/12/2023,https://phd.northeastern.edu/wp-content/uploads/2021/01/ford.jpg
11,Morgan Drawing Institute Predoctoral Research Fellowship 2024–25,https://phd.northeastern.edu/opportunity/morgan-drawing-institute-predoctoral-research-fellowship-2023-24-2/, The Morgan Drawing Institute will award one nine-month Predoctoral Research Fellowship to an advanced-level graduate student who has completed all… ,Morgan Drawing Institute,"Experiential PhD Opportunities, Fellowship, Predoctoral",12/03/2023,https://phd.northeastern.edu/wp-content/uploads/2022/10/Morgan.png
12,Damon Runyon Quantitative Biology Fellowship Award,https://phd.northeastern.edu/opportunity/damon-runyon-quantitative-biology-fellowship-award-3/, Computational biologists apply theoretical principles and develop analysis and inference methods to decipher and understand biological systems. They are experts… ,Damon Runyon Cancer Research Foundation,"Fellowship, Postdoctoral",12/01/2023,https://phd.northeastern.edu/wp-content/uploads/2017/12/drcrf.png
13,Folger Institute Research Long-Term Fellowships,https://phd.northeastern.edu/opportunity/folger-institute-research-long-term-fellowships-2/," The Folger Institute offers five, long-term fellowships at $70,000 for the 2024-2025 academic year (approximately $7,777 per month, for a… ",The Folger Shakespeare Library,"Experiential PhD Opportunities, Postdoctoral",12/15/2023,https://phd.northeastern.edu/wp-content/uploads/2017/10/folger.jpg
14,Link Foundation Energy Fellowship Program,https://phd.northeastern.edu/opportunity/link-foundation-energy-fellowship-program-4/," In an effort to foster education and innovation in the area of societal production and utilization of energy, the Link… ",Link Foundation,"Fellowship, Predoctoral",12/01/2023,https://phd.northeastern.edu/wp-content/uploads/2020/09/123.jpg
15,Science Mathematics and Research for Transformation (SMART) Scholarship-for-Service Program,https://phd.northeastern.edu/opportunity/science-mathematics-and-research-for-transformation-smart-scholarship-for-service-program-3/," The Science, Mathematics, and Research for Transformation (SMART) Scholarship-for-Service Program, funded by the Department of Defense (DoD), is a combined… ",DOD - Department of Defense,"Experiential PhD Opportunities, Fellowship, Predoctoral",12/01/2023,https://phd.northeastern.edu/wp-content/uploads/2017/09/DoD_Seal.png
16,University of Utah 2024-25 Tanner Visiting Research Fellowship,https://phd.northeastern.edu/opportunity/university-of-utah-2023-24-tanner-visiting-research-fellowship-2/," The Tanner Humanities Center's mission is to promote humanistic research and education at the University of Utah, in the state,… ",The University of Utah,"Experiential PhD Opportunities, Fellowship, Predoctoral, Postdoctoral",12/01/2023,https://phd.northeastern.edu/wp-content/uploads/2022/10/Tanner-Humanities-Center_logoandgraphic_color-1024x341.png
17,University of Virginia – The Carter G. Woodson Institute Predoctoral Fellowship,https://phd.northeastern.edu/opportunity/university-of-virginia-the-carter-g-woodson-institute-predoctoral-fellowship-2/," The Carter G. Woodson Institute's distinguished fellowship is a two-year residential fellowship for pre-doctoral students whose work focuses on Africa and/or the African Diaspora,… ",University of Virginia,"Fellowship, Predoctoral",12/01/2023,https://phd.northeastern.edu/wp-content/uploads/2022/10/University-of-Virginia.png
18,ASEH Fellowships,https://phd.northeastern.edu/opportunity/aseh-fellowships-2/," The ASEH currently offers three research fellowships for graduate students: the Hal Rothman Dissertation Fellowship, the J. Donald Hughes Graduate… ",ASEH American Society for Environmental History,"Fellowship, Travel Award, Predoctoral",11/20/2023,https://phd.northeastern.edu/wp-content/uploads/2022/10/ASEH.png
19,American Council of Learned Societies (ACLS) / Robert H. N. Ho Family Foundation – Dissertation Fellowship in Buddhist Studies,https://phd.northeastern.edu/opportunity/american-council-of-learned-societies-acls-robert-h-n-ho-family-foundation-dissertation-fellowship-in-buddhist-studies-3/, The Robert H. N. Ho Family Foundation Dissertation Fellowships in Buddhist Studies provide stipends to PhD candidates for full time preparation… ,ACLS - American Council of Learned Studies,"Fellowship, Predoctoral",11/30/2023,https://phd.northeastern.edu/wp-content/uploads/2018/01/ACLS-Logo.jpg
20,Saul Kagan Fellowship in Advanced Shoah Studies,https://phd.northeastern.edu/opportunity/saul-kagan-fellowship-in-advanced-shoah-studies-2/," Claims Conference Kagan Fellowships are available for doctoral and post-doctoral candidates around the world conducting Holocaust-related research. Each year, the… ",Conference on Jewish Material Claims Against Germany,Fellowship,12/22/2023,https://phd.northeastern.edu/wp-content/uploads/2022/11/Claims-Conference.png
21,Harvard University – John F. Kennedy School of Government – Belfer Center for Science and International Affairs – Predoctoral and Postdoctoral Fellowships,https://phd.northeastern.edu/opportunity/harvard-university-john-f-kennedy-school-of-government-belfer-center-for-science-and-international-affairs-predoctoral-and-postdoctoral-fellowships-3/, The Belfer Center for Science and International Affairs offers research fellowships during the academic year to individuals who wish to… ,Harvard University,"Experiential PhD Opportunities, Fellowship, Predoctoral, Postdoctoral",12/01/2023,https://phd.northeastern.edu/wp-content/uploads/2018/01/belfer.jpg
22,Harvard University – John F. Kennedy School of Government – Belfer Center for Science and International Affairs – Artic Initiative,https://phd.northeastern.edu/opportunity/harvard-university-john-f-kennedy-school-of-government-belfer-center-for-science-and-international-affairs-artic-initiative-2/," In the 2024-2025  academic year, we will prioritize policy-focused proposals on: Permafrost Thaw (policy implications of improved understanding of how pace… ",Harvard University,"Experiential PhD Opportunities, Fellowship, Predoctoral, Postdoctoral",12/01/2023,https://phd.northeastern.edu/wp-content/uploads/2018/01/belfer.jpg
23,Kate Neal Kinley Memorial Fellowship,https://phd.northeastern.edu/opportunity/kate-neal-kinley-memorial-fellowship-2/," Are you seeking advanced study in architecture, art, dance, landscape architecture, music, theatre, or urban and regional planning? We invite… ",Illinois College of Fine & Applied Arts,"Fellowship, Predoctoral",12/01/2023,https://phd.northeastern.edu/wp-content/uploads/2022/10/Illinois-College-of-Fine-Applied-Arts.png
24,American Druze Foundation Fellowship,https://phd.northeastern.edu/opportunity/american-druze-foundation-fellowship-2/, The Georgetown University Center for Contemporary Arab Studies (CCAS) is pleased to partner with the American Druze Foundation (ADF) to… ,Georgetown University,"Experiential PhD Opportunities, Fellowship, Postdoctoral",01/05/2024,https://phd.northeastern.edu/wp-content/uploads/2022/11/Center-for-Contemporary-Arab-Studies.jpg
25,American Physiological Society Early-Career Advocacy Fellowship,https://phd.northeastern.edu/opportunity/american-physiological-society-early-career-advocacy-fellowship-2/, This two-year program seeks to engage early-career investigators in advocacy activities and provide them with skills to become long-term advocates… ,APS - American Physiological Society,"Fellowship, Predoctoral, Postdoctoral",12/01/2023,https://phd.northeastern.edu/wp-content/uploads/2022/11/American-Physiological-Society.jpg
26,Autism Science Foundation (ASF) – Predoctoral and Postdoctoral Fellowship,https://phd.northeastern.edu/opportunity/autism-science-foundation-asf-predoctoral-and-postdoctoral-fellowship-2/," The Autism Science Foundation invites applications for its Pre- and Postdoctoral Training Awards from graduate students, medical students and postdoctoral… ",ASF - Autism Science Foundation,"Fellowship, Predoctoral, Postdoctoral",12/08/2023,https://phd.northeastern.edu/wp-content/uploads/2017/10/ASF_Stacked_logo-1024x864.jpg
27,CAORC Multi-Country Research Fellowship Program,https://phd.northeastern.edu/opportunity/caorc-multi-country-research-fellowship-program-2/, The Multi-Country Research Fellowship enables US scholars to carry out trans-regional and comparative research in countries across the network of… ,Council of American Overseas Research Centers,"Travel Award, Predoctoral, Postdoctoral",12/06/2023,https://phd.northeastern.edu/wp-content/uploads/2020/11/1-1.png
28,Cystic Fibrosis Foundation Postdoctoral Research Fellowship Award,https://phd.northeastern.edu/opportunity/cystic-fibrosis-foundation-postdoctoral-research-fellowship-award-2/, Postdoctoral research fellowship awards are offered for support of postdoctoral research training related to cystic fibrosis. Preference will be given… ,Cystic Fibrosis Foundation,"Fellowship, Postdoctoral",12/07/2023,https://phd.northeastern.edu/wp-content/uploads/2022/11/Cystic-Fibrosis-Foundation.png
29,Ford Foundation Dissertation Fellowships,https://phd.northeastern.edu/opportunity/ford-foundation-dissertation-fellowships-3/, The dissertation fellowships provide one year of support for individuals working to complete a dissertation leading to a Doctor of… ,Ford Foundation,"Fellowship, Predoctoral",12/12/2023,https://phd.northeastern.edu/wp-content/uploads/2021/01/ford.jpg
30,Ford Foundation Postdoctoral Fellowship,https://phd.northeastern.edu/opportunity/ford-foundation-postdoctoral-fellowship-6/," Postdoctoral fellowships will be awarded in a national competition administered by the National Academies of Sciences, Engineering, and Medicine on… ",Ford Foundation,"Fellowship, Postdoctoral",12/12/2023,https://phd.northeastern.edu/wp-content/uploads/2021/01/ford.jpg
31,Morgan Drawing Institute Predoctoral Research Fellowship 2024–25,https://phd.northeastern.edu/opportunity/morgan-drawing-institute-predoctoral-research-fellowship-2023-24-2/, The Morgan Drawing Institute will award one nine-month Predoctoral Research Fellowship to an advanced-level graduate student who has completed all… ,Morgan Drawing Institute,"Experiential PhD Opportunities, Fellowship, Predoctoral",12/03/2023,https://phd.northeastern.edu/wp-content/uploads/2022/10/Morgan.png
32,Damon Runyon Quantitative Biology Fellowship Award,https://phd.northeastern.edu/opportunity/damon-runyon-quantitative-biology-fellowship-award-3/, Computational biologists apply theoretical principles and develop analysis and inference methods to decipher and understand biological systems. They are experts… ,Damon Runyon Cancer Research Foundation,"Fellowship, Postdoctoral",12/01/2023,https://phd.northeastern.edu/wp-content/uploads/2017/12/drcrf.png
33,Folger Institute Research Long-Term Fellowships,https://phd.northeastern.edu/opportunity/folger-institute-research-long-term-fellowships-2/," The Folger Institute offers five, long-term fellowships at $70,000 for the 2024-2025 academic year (approximately $7,777 per month, for a… ",The Folger Shakespeare Library,"Experiential PhD Opportunities, Postdoctoral",12/15/2023,https://phd.northeastern.edu/wp-content/uploads/2017/10/folger.jpg
34,Link Foundation Energy Fellowship Program,https://phd.northeastern.edu/opportunity/link-foundation-energy-fellowship-program-4/," In an effort to foster education and innovation in the area of societal production and utilization of energy, the Link… ",Link Foundation,"Fellowship, Predoctoral",12/01/2023,https://phd.northeastern.edu/wp-content/uploads/2020/09/123.jpg
35,Science Mathematics and Research for Transformation (SMART) Scholarship-for-Service Program,https://phd.northeastern.edu/opportunity/science-mathematics-and-research-for-transformation-smart-scholarship-for-service-program-3/," The Science, Mathematics, and Research for Transformation (SMART) Scholarship-for-Service Program, funded by the Department of Defense (DoD), is a combined… ",DOD - Department of Defense,"Experiential PhD Opportunities, Fellowship, Predoctoral",12/01/2023,https://phd.northeastern.edu/wp-content/uploads/2017/09/DoD_Seal.png
36,University of Utah 2024-25 Tanner Visiting Research Fellowship,https://phd.northeastern.edu/opportunity/university-of-utah-2023-24-tanner-visiting-research-fellowship-2/," The Tanner Humanities Center's mission is to promote humanistic research and education at the University of Utah, in the state,… ",The University of Utah,"Experiential PhD Opportunities, Fellowship, Predoctoral, Postdoctoral",12/01/2023,https://phd.northeastern.edu/wp-content/uploads/2022/10/Tanner-Humanities-Center_logoandgraphic_color-1024x341.png
37,University of Virginia – The Carter G. Woodson Institute Predoctoral Fellowship,https://phd.northeastern.edu/opportunity/university-of-virginia-the-carter-g-woodson-institute-predoctoral-fellowship-2/," The Carter G. Woodson Institute's distinguished fellowship is a two-year residential fellowship for pre-doctoral students whose work focuses on Africa and/or the African Diaspora,… ",University of Virginia,"Fellowship, Predoctoral",12/01/2023,https://phd.northeastern.edu/wp-content/uploads/2022/10/University-of-Virginia.png
38,ASEH Fellowships,https://phd.northeastern.edu/opportunity/aseh-fellowships-2/," The ASEH currently offers three research fellowships for graduate students: the Hal Rothman Dissertation Fellowship, the J. Donald Hughes Graduate… ",ASEH American Society for Environmental History,"Fellowship, Travel Award, Predoctoral",11/20/2023,https://phd.northeastern.edu/wp-content/uploads/2022/10/ASEH.png
39,American Council of Learned Societies (ACLS) / Robert H. N. Ho Family Foundation – Dissertation Fellowship in Buddhist Studies,https://phd.northeastern.edu/opportunity/american-council-of-learned-societies-acls-robert-h-n-ho-family-foundation-dissertation-fellowship-in-buddhist-studies-3/, The Robert H. N. Ho Family Foundation Dissertation Fellowships in Buddhist Studies provide stipends to PhD candidates for full time preparation… ,ACLS - American Council of Learned Studies,"Fellowship, Predoctoral",11/30/2023,https://phd.northeastern.edu/wp-content/uploads/2018/01/ACLS-Logo.jpg
40,American Council of Learned Societies (ACLS) / Robert H. N. Ho Family Foundation Early Career Research Fellowships in Buddhist Studies,https://phd.northeastern.edu/opportunity/american-council-of-learned-societies-acls-robert-h-n-ho-family-foundation-early-career-research-fellowships-in-buddhist-studies-2/, Early Career Research Fellowships offer support for research and writing in Buddhist studies for pre-tenure scholars who hold the PhD… ,ACLS - American Council of Learned Studies,"Fellowship, Postdoctoral",11/30/2023,https://phd.northeastern.edu/wp-content/uploads/2018/01/ACLS-Logo.jpg
41,Crohn’s and Colitis Foundation Research Fellowship Award,https://phd.northeastern.edu/opportunity/crohns-and-colitis-foundation-research-fellowship-award-2/," Research Fellowship Awards are intended to support individuals in the post-doctoral phase of their career, to develop skills related to… ",Crohn's and Colitis Foundation,"Fellowship, Postdoctoral",11/16/2023,https://phd.northeastern.edu/wp-content/uploads/2022/10/Crohns-and-Colitis-Foundation.png
42,"Huntington Library, Art Collections, & Botanical Gardens – Short-Term Fellowships",https://phd.northeastern.edu/opportunity/huntington-library-art-collections-botanical-gardens-short-term-fellowships-2/," Approximately 140 Short-Term Fellowships are available for one to five months in residence and carry monthly stipends of $3,500. They are… ",The Huntington Library,"Experiential PhD Opportunities, Fellowship, Predoctoral, Postdoctoral",11/15/2023,https://phd.northeastern.edu/wp-content/uploads/2017/10/TheHuntingtonLibraryLogo-Cropped-1024x576.jpg
43,"Huntington Library, Art Collections, & Botanical Gardens – Travel Grants and Exchange Fellowships for Study Abroad",https://phd.northeastern.edu/opportunity/huntington-library-art-collections-botanical-gardens-travel-grants-and-exchange-fellowships-for-study-abroad-2/, Six Travel Grants for Study Abroad are available in any of the fields in which The Huntington’s own collections are strong… ,The Huntington Library,"Experiential PhD Opportunities, Fellowship, Predoctoral, Postdoctoral",11/15/2023,https://phd.northeastern.edu/wp-content/uploads/2017/10/TheHuntingtonLibraryLogo-Cropped-1024x576.jpg
44,MLA – Eugene Garfield Research Fellowship,https://phd.northeastern.edu/opportunity/mla-eugene-garfield-research-fellowship-2/, The Eugene Garfield Research Fellowship promotes and supports research in the discoverability and dissemination of information by incorporating the history… ,MLA Medical Library Association,"Fellowship, Predoctoral, Postdoctoral",11/15/2023,https://phd.northeastern.edu/wp-content/uploads/2022/10/MLA.png
45,American Foundation for Suicide Prevention Postdoctoral Research Fellowship Innovation Grants,https://phd.northeastern.edu/opportunity/postdoctoral-research-fellowship-innovation-grants-2/, Postdoctoral Research Fellowships are training grants designed to enable young investigators to qualify for independent careers in suicide research. The training can be in either basic or… ,AFSP - American Foundation for Suicide Prevention,"Fellowship, Postdoctoral",11/15/2023,https://phd.northeastern.edu/wp-content/uploads/2017/10/afsp-1024x576.png
46,AACR-QuadW Foundation Sarcoma Research Fellowship,https://phd.northeastern.edu/opportunity/aacr-quadw-foundation-sarcoma-research-fellowship-2/, AACR-QuadW Foundation Sarcoma Research Fellowship in Memory of Willie Tichenor represents a joint effort to encourage and support a postdoctoral… ,American Association for Cancer Research (AACR),"Fellowship, Predoctoral, Postdoctoral",11/08/2023,https://phd.northeastern.edu/wp-content/uploads/2022/04/AACR.png
47,PERF Grant for Infrastructure/Registry Research,https://phd.northeastern.edu/opportunity/perf-grant-for-infrastructure-registry-research-2/," This competitive grant is directed at developing a new multicenter infrastructure, (registries and networks), or enhancing the scientific scope of an existing… ",Pediatric Epilepsy Research Foundation,"Fellowship, Postdoctoral",11/06/2023,https://phd.northeastern.edu/wp-content/uploads/2022/10/PERF.png
48,University of Michigan – Frankel Institute Fellowship,https://phd.northeastern.edu/opportunity/university-of-michigan-frankel-institute-fellowship-2/, The Frankel Institute for Advanced Judaic Studies at the University of Michigan provides annual fellowships for scholars and artists from… ,University of Michigan,"Fellowship, Postdoctoral",11/27/2023,https://phd.northeastern.edu/wp-content/uploads/2018/11/michigan.jpg
49,The MET Interdisciplinary Fellowship,https://phd.northeastern.edu/opportunity/the-met-interdisciplinary-fellowship-2/, This one-year fellowship is part of the Museum's History of Art and Visual Culture Fellowship program and is intended as… ,The Metropolitan Museum of Art,"Experiential PhD Opportunities, Fellowship, Predoctoral, Postdoctoral",11/03/2023,https://phd.northeastern.edu/wp-content/uploads/2022/10/MET.png
50,Hubble Fellowships,https://phd.northeastern.edu/opportunity/hubble-fellowships-4/," The NASA Hubble Fellowship Program (NHFP) supports promising postdoctoral scientists to pursue independent research which contributes to NASA Astrophysics, using theory,… ",Space Telescope Science Institute,"Fellowship, Predoctoral, Postdoctoral",11/02/2023,https://phd.northeastern.edu/wp-content/uploads/2020/10/1-4.png
51,John Higham Research Fellowship,https://phd.northeastern.edu/opportunity/john-higham-research-fellowship-2/," The Higham Fellowship offers two annual awards ranging from $1,000 to $1,500 each to successful applicants, the amounts to be… ",OAH - Organization of American Historians,"Fellowship, Predoctoral",11/01/2023,https://phd.northeastern.edu/wp-content/uploads/2018/10/oah_logo_pms_315_wh_oah-905x1024.png
52,Mellon Fellowships in Democracy and Landscape Studies,https://phd.northeastern.edu/opportunity/mellon-fellowships-in-democracy-and-landscape-studies/, Garden and Landscape Studies at Dumbarton Oaks is leading a major award from the Andrew W. Mellon Foundation to grow… ,Dumbarton Oaks Research Library and Collection,"Experiential PhD Opportunities, Fellowship, Predoctoral",11/01/2023,https://phd.northeastern.edu/wp-content/uploads/2017/10/dumbarton-Cropped.png
53,O. H. Ammann Research Fellowship in Structural Engineering,https://phd.northeastern.edu/opportunity/o-h-ammann-research-fellowship-in-structural-engineering-2/, Awarded to encourage creation of new knowledge in structural design and construction. ,ASCE - American Society of Civil Engineers,"Fellowship, Predoctoral",11/01/2023,https://phd.northeastern.edu/wp-content/uploads/2017/11/ASCE-1024x576.jpg
54,Smithsonian Biodiversity Genomics Postdoctoral Fellowship Program,https://phd.northeastern.edu/opportunity/smithsonian-biodiversity-genomics-postdoctoral-fellowship-program-3/, The Smithsonian Institution (SI) Postdoctoral Fellowship in Biodiversity Genomics promotes collaborative research in these fields involving comparative genomic approaches such… ,Smithsonian Institution,"Experiential PhD Opportunities, Fellowship, Postdoctoral",11/01/2023,https://phd.northeastern.edu/wp-content/uploads/2017/10/smithsonian-institution.png
55,Smithsonian Institution Fellowship Program (SIFP),https://phd.northeastern.edu/opportunity/smithsonian-institution-fellowship-program-sifp-4/," The Smithsonian Institution Fellowship Program offers opportunities for independent research or study related to Smithsonian collections, facilities, and/or research interests… ",Smithsonian Institution,"Fellowship, Predoctoral, Postdoctoral",11/01/2023,https://phd.northeastern.edu/wp-content/uploads/2017/10/smithsonian-institution.png
56,Voqal Fellowship,https://phd.northeastern.edu/opportunity/voqal-fellowship/," Voqal's Fellowship is an investment in you as a person and a budding entrepreneur, both a talent and startup accelerator… ",Voqal,"Fellowship, Predoctoral, Postdoctoral",10/31/2023,https://phd.northeastern.edu/wp-content/uploads/2021/09/Voqal.png
57,Mathematical Sciences Postdoctoral Research Fellowships (MSPRF),https://phd.northeastern.edu/opportunity/mathematical-sciences-postdoctoral-research-fellowships-msprf-2/, The purpose of the Mathematical Sciences Postdoctoral Research Fellowships (MSPRF) is to support future leaders in mathematics and statistics by… ,NSF - National Science Foundation,"Fellowship, Postdoctoral",10/18/2023,https://phd.northeastern.edu/wp-content/uploads/2018/03/nsf1.jpg
58,NSF Graduate Research Fellowship Program (GRFP),https://phd.northeastern.edu/opportunity/nsf-graduate-research-fellowship-program-grfp-2/," The purpose of the NSF Graduate Research Fellowship Program (GRFP) is to help ensure the quality, vitality, and diversity of… ",NSF - National Science Foundation,"Fellowship, Predoctoral",10/16/2023,https://phd.northeastern.edu/wp-content/uploads/2018/03/nsf1.jpg
59,Sylvia Lane Mentor Fellowship,https://phd.northeastern.edu/opportunity/sylvia-lane-mentor-fellowship-2/," The Sylvia Lane Mentor Fellowship provides an opportunity for early career women scholars working on food, agricultural, or resource issues… ",AAEA Agricultural & Applied Economics Association,"Travel Award, Predoctoral, Postdoctoral",10/16/2023,https://phd.northeastern.edu/wp-content/uploads/2022/09/aaea-trust-logo.png
60,Clark Fellowships,https://phd.northeastern.edu/opportunity/clark-fellowships-2/, Fellowships are awarded every year to established and promising scholars with the aim of fostering a critical commitment to inquiry… ,The Clark Art Institute,"Fellowship, Postdoctoral",10/15/2023,https://phd.northeastern.edu/wp-content/uploads/2022/08/Clark.png
61,Drotar-Crawford Postdoctoral Fellowship Research Grant in Pediatric Psychology,https://phd.northeastern.edu/opportunity/drotar-crawford-postdoctoral-fellowship-research-grant-in-pediatric-psychology-3/," This $10,000 grant is given to a postdoctoral fellow to support research in pediatric psychology while they are enrolled in… ",Society of Pediatric Psychology,"Fellowship, Postdoctoral",10/15/2023,https://phd.northeastern.edu/wp-content/uploads/2021/09/Pediatric-Psychology-1024x246.jpg
62,Northeastern University Dissertation Completion Fellowships,https://phd.northeastern.edu/opportunity/northeastern-university-dissertation-completion-fellowships-8/," Submit your application by 5:00 pm on October 31, 2023! Dissertation Completion Fellowships provide a one-semester stipend to outstanding PhD… ",Northeastern University,"Fellowship, Predoctoral",10/31/2023,https://phd.northeastern.edu/wp-content/uploads/2018/02/NEU.png
63,American Association for Anatomy Postdoctoral Fellowship – Education and Basic Science,https://phd.northeastern.edu/opportunity/american-association-for-anatomy-postdoctoral-fellowship-education-and-basic-science-2/, Postdoctoral Fellowship will now be two basic science postdoctoral awards each year and up to one education research postdoctoral award.… ,American Association for Anatomy,"Fellowship, Postdoctoral",02/01/2024,https://phd.northeastern.edu/wp-content/uploads/2022/08/AAA.png
64,Louisville Institute Postdoctoral Fellowship,https://phd.northeastern.edu/opportunity/louisville-institute-postdoctoral-fellowship-3/, The Postdoctoral Fellowship provides early career theological educators with vocational and professional formation through a two-year job placement. Fellows receive… ,Louisville Institute,"Fellowship, Predoctoral",10/15/2023,https://phd.northeastern.edu/wp-content/uploads/2017/10/louisville.png
65,Jennings Randolph Peace Scholar Dissertation Fellowship Program,https://phd.northeastern.edu/opportunity/jennings-randolph-peace-scholar-dissertation-fellowship-program-4/, USIP's Peace Scholar Fellowship program awards non-residential fellowships to students enrolled in U.S. universities who are writing doctoral dissertations on… ,United States Institute of Peace,"Fellowship, Predoctoral",11/16/2023,https://phd.northeastern.edu/wp-content/uploads/2020/08/usip.jpg
66,Trudy Bush Fellowships for Cardiovascular Disease Research in Women’s Health,https://phd.northeastern.edu/opportunity/trudy-bush-fellowships-for-cardiovascular-disease-research-in-womens-health-2/," The Trudy Bush Fellowship for Cardiovascular Disease Research in Women’s Health is named for Trudy Bush, PhD, MHS, to honor… ",AHA - American Heart Association,"Fellowship, Predoctoral, Postdoctoral, Award",10/18/2023,https://phd.northeastern.edu/wp-content/uploads/2020/06/aha.png
67,Syngenta Fellowship Award in Human Health Applications of New Technologies,https://phd.northeastern.edu/opportunity/syngenta-fellowship-award-in-human-health-applications-of-new-technologies-4/, The Syngenta Fellowship Award in Human Health Applications of New Technologies is presented to either a third year (or later)… ,SOT - Society of Toxicology,"Fellowship, Predoctoral, Postdoctoral",10/09/2023,https://phd.northeastern.edu/wp-content/uploads/2018/09/SocietyofToxicologyLogo.jpg
68,Colgate-Palmolive Postdoctoral Fellowship Award in In Vitro Toxicology,https://phd.northeastern.edu/opportunity/colgate-palmolive-postdoctoral-fellowship-award-in-in-vitro-toxicology-2/, The Colgate-Palmolive Company sponsors the Colgate-Palmolive Postdoctoral Fellowship Award in In Vitro Toxicology through the Society of Toxicology to advance the… ,SOT - Society of Toxicology,"Fellowship, Postdoctoral",10/09/2023,https://phd.northeastern.edu/wp-content/uploads/2022/08/SOT.png
69,Cystinosis Research Foundation Research Proposals and Postdoctoral Research Fellowships,https://phd.northeastern.edu/opportunity/cystinosis-research-foundation-research-proposals-and-postdoctoral-research-fellowships-4/, The goal of the Cystinosis Research Foundation is to find better treatments and a cure for cystinosis. Research and fellowship… ,Cystinosis Research Foundation,"Fellowship, Predoctoral, Postdoctoral",10/04/2023,https://phd.northeastern.edu/wp-content/uploads/2022/03/cystinosis.png
70,NNSA Graduate Fellowship Program,https://phd.northeastern.edu/opportunity/nnsa-graduate-fellowship-program-3/, NGFP is administered by Pacific Northwest National Laboratory and sponsored by the NNSA to provide students with training and practical experience that… ,NNSA - National Nuclear Security Administration,"Experiential PhD Opportunities, Predoctoral, Postdoctoral",10/02/2023,https://phd.northeastern.edu/wp-content/uploads/2020/08/pnnl.png
71,NAEd/Spencer Dissertation Fellowship Program,https://phd.northeastern.edu/opportunity/naed-spencer-dissertation-fellowship-program-4/," Through the dissertation fellowship, the National Academy of Education (NAEd) and Spencer seek to encourage a new generation of scholars… ",NAEd - National Academy of Education,"Fellowship, Predoctoral",10/05/2023,https://phd.northeastern.edu/wp-content/uploads/2018/05/naed_logo.jpg
72,Bibliographical Society of America (BSA) – Fellowships,https://phd.northeastern.edu/opportunity/bibliographical-society-of-america-bsa-fellowships-3/," In keeping with the central value the Society places on bibliography as a critical framework, the BSA funds a number… ",BSA - Bibliographical Society of America,"Fellowship, Predoctoral, Postdoctoral",10/02/2023,https://phd.northeastern.edu/wp-content/uploads/2018/11/Screen-Shot-2018-11-03-at-7.02.28-PM.png
73,Boehringer Ingelheim Fonds Ph.D. Fellowships,https://phd.northeastern.edu/opportunity/boehringer-ingelheim-fonds-ph-d-fellowships-6/, The Boehringer Ingelheim Fonds awards PhD fellowships to outstanding junior scientists who wish to pursue an ambitious PhD project of… ,Boehringer Ingelheim Fonds,"Fellowship, Predoctoral",10/01/2023,https://phd.northeastern.edu/wp-content/uploads/2020/05/bif.png
74,Fellowship Grant for Alternatives to Animal Research in Human Health or Sex Differences,https://phd.northeastern.edu/opportunity/fellowship-grant-for-alternatives-to-animal-research-in-human-health-or-sex-differences-2/," The American Fund for Alternatives to Animal Research (AFAAR)  offer a $40,000, one-year postdoctoral fellowship grant (with possible renewal) to… ",AFAAR American Fund for Alternatives to Animal Research,"Postdoctoral, Grant",10/01/2023,https://phd.northeastern.edu/wp-content/uploads/2022/07/afaar-logo.png
75,Life Sciences Research Foundation- Postdoctoral Research Fellowships,https://phd.northeastern.edu/opportunity/life-sciences-research-foundation-postdoctoral-research-fellowships-4/," Since 1983, the Life Sciences Research Foundation (LSRF) has funded nearly 650 outstanding postdoctoral fellows in all areas of the… ",LSRF - Life Sciences Research Foundation,"Fellowship, Postdoctoral",10/01/2023,https://phd.northeastern.edu/wp-content/uploads/2022/07/LSRF.png
76,Alpha Foundation Postdoctoral Research Fellowship Grant,https://phd.northeastern.edu/opportunity/alpha-foundation-postdoctoral-research-fellowship-grant-3/, The objective of this grant is to provide support for postdoctoral research fellows who are starting their research careers and… ,Alpha-1 Foundation,"Fellowship, Postdoctoral",09/29/2023,https://phd.northeastern.edu/wp-content/uploads/2021/08/Alpha-1-Foundation.jpg
77,Edilia and François-Auguste de Montêquin Fellowship,https://phd.northeastern.edu/opportunity/edilia-and-francois-auguste-de-montequin-fellowship-2/," This award provides support for travel related to research on Spanish, Portuguese, or Ibero-American architecture.   ",SAH Society of Architectural Historians,"Travel Award, Predoctoral, Postdoctoral",09/30/2023,https://phd.northeastern.edu/wp-content/uploads/2022/07/SAH.png
78,ACLS Fellowships,https://phd.northeastern.edu/opportunity/acls-fellowships-3/, ACLS invites research proposals from scholars in all disciplines of the humanities and interpretive social sciences. Given the disproportionate effect the pandemic’s… ,ACLS - American Council of Learned Studies,"Fellowship, Postdoctoral",09/28/2023,https://phd.northeastern.edu/wp-content/uploads/2018/01/ACLS-Logo.jpg
79,Presidential Management Fellows (PMF) Program,https://phd.northeastern.edu/opportunity/presidential-management-fellows-pmf-program-2/, The Presidential Management Fellows (PMF) Program seeks eligible individuals for assessment and potential subsequent selection as Finalists to obtain appointments… ,Office of Personnel Management,"Postdoctoral, Post Graduation Employment Opportunities",09/25/2023,https://phd.northeastern.edu/wp-content/uploads/2022/09/USAjobs.png
80,Banting Postdoctoral Fellowship,https://phd.northeastern.edu/opportunity/banting-postdoctoral-fellowship-3/," The Banting Postdoctoral Fellowships program provides funding to the very best postdoctoral applicants, both nationally and internationally, who will positively… ",Government of Canada,"Fellowship, Postdoctoral",09/20/2023,https://phd.northeastern.edu/wp-content/uploads/2018/05/Banting-Postdoctoral-Scholarship.jpg
81,Dravet Syndrome Foundation Postdoctoral Fellowship,https://phd.northeastern.edu/opportunity/dravet-syndrome-foundation-postdoctoral-fellowship-2/,  Postdoctoral Fellowship Awards are designed to support early-career researchers under the mentorship of an independent investigator. These fellowships are awarded to… ,Dravet Syndrome Foundation,"Fellowship, Postdoctoral",09/08/2023,https://phd.northeastern.edu/wp-content/uploads/2022/06/Dravet-Syndrome-Foundation.png
82,LRF Postdoctoral Fellowship Grants,https://phd.northeastern.edu/opportunity/lrf-postdoctoral-fellowship-grants/, The Lymphoma Research Foundation (LRF) maintains a strong commitment to supporting early career investigators and ensuring they can build a… ,LRF Lymphoma Research Foundation,"Fellowship, Postdoctoral",09/07/2023,https://phd.northeastern.edu/wp-content/uploads/2022/06/Lymphoma-Research-Foundation.png
83,Arnold O. Beckman Postdoctoral Fellowship,https://phd.northeastern.edu/opportunity/arnold-o-beckman-postdoctoral-fellowship-4/, The Arnold O. Beckman Postdoctoral Fellowship in Chemical Sciences or Chemical Instrumentation Award Program supports advanced research by postdoctoral scholars… ,Arnold and Mabel Beckman Foundation,"Fellowship, Postdoctoral",09/06/2023,https://phd.northeastern.edu/wp-content/uploads/2021/01/download.png
84,Alzheimer’s Association Research Fellowship to Promote Diversity (AARF-D),https://phd.northeastern.edu/opportunity/alzheimers-association-research-fellowship-to-promote-diversity-aarf-d-2/," The AARF-D grant program is intended to support exceptional researchers who are engaged in their post-graduate work (i.e., postdoctoral fellows)… ",Alzheimer's Association,"Fellowship, Postdoctoral",09/06/2023,https://phd.northeastern.edu/wp-content/uploads/2022/08/Alzheimers-Association.jpg
85,Alzheimer’s Association Research Fellowship (AARF),https://phd.northeastern.edu/opportunity/alzheimers-association-research-fellowship-aarf-2/, The AARF grant program is intended to support exceptional researchers who are engaged in their post-graduate work (i.e. postdoctoral fellows)… ,Alzheimer's Association,"Fellowship, Postdoctoral",09/06/2023,https://phd.northeastern.edu/wp-content/uploads/2022/08/Alzheimers-Association.jpg
86,Lupus Research Alliance Diversity in Lupus Research Postdoctoral Award,https://phd.northeastern.edu/opportunity/lupus-research-alliance-diversity-in-lupus-research-postdoctoral-award-2/, The LRA Diversity in Lupus Research Postdoctoral Award (DLR PDA) is designed to support qualified and promising underrepresented minority (URM)… ,LRA Lupus Research Alliance,"Postdoctoral, Award",09/12/2023,https://phd.northeastern.edu/wp-content/uploads/2022/07/LRA.png
87,McKnight Clinical Translational Research Scholarship in Cognitive Aging and Age-Related Memory Loss,https://phd.northeastern.edu/opportunity/mcknight-clinical-translational-research-scholarship-in-cognitive-aging-and-age-related-memory-loss-2/," Funded by the McKnight Brain Research Foundation through the American Brain Foundation, and the American Academy of Neurology. This award… ",AAN - American Association of Neurology,"Postdoctoral, Scholarship",09/14/2023,https://phd.northeastern.edu/wp-content/uploads/2018/09/AAN_0.png
88,Virginia Tech Future Faculty Diversity Program,https://phd.northeastern.edu/opportunity/virginia-tech-future-faculty-diversity-program-2/," The Future Faculty Diversity Program (FFDP) is designed to encourage graduate students and postdoctoral fellows, with a particular focus on… ",Virgina Tech,"Predoctoral, Postdoctoral, Training/workshop, Professional Development",08/14/2023,https://phd.northeastern.edu/wp-content/uploads/2022/08/Virgina-Tech.png
89,Damon Runyon Fellowship Award,https://phd.northeastern.edu/opportunity/damon-runyon-fellowship-award-3/," The Foundation encourages all theoretical and experimental research relevant to the study of cancer and the search for cancer causes,… ",Damon Runyon Cancer Research Foundation,"Fellowship, Postdoctoral",08/15/2023,https://phd.northeastern.edu/wp-content/uploads/2017/12/drcrf.png
90,National Multiple Sclerosis Society Postdoctoral Fellowships,https://phd.northeastern.edu/opportunity/national-multiple-sclerosis-society-postdoctoral-fellowships-2/, The Society seeks to attract and train promising young investigators and doctors into the field of MS by supporting the… ,National Multiple Sclerosis Society,"Fellowship, Postdoctoral",08/09/2023,https://phd.northeastern.edu/wp-content/uploads/2020/08/nmss.png
91,Underrepresented Population Fellowship Award in Gene and Cell Therapy for Any Indication,https://phd.northeastern.edu/opportunity/underrepresented-population-fellowship-award-in-gene-and-cell-therapy-for-any-indication-2/," The American Society for Gene + Cell Therapy (ASGCT) will award $100,000 to a postdoctoral or early-career scientist from a… ",ASGCT American Society of Gene + Cell Therapy,"Fellowship, Postdoctoral",08/01/2023,https://phd.northeastern.edu/wp-content/uploads/2022/07/ASGCT.png
92,Underrepresented Minority Fellowship in Gene and Cell Therapy for Oncology,https://phd.northeastern.edu/opportunity/underrepresented-minority-fellowship-in-gene-and-cell-therapy-for-oncology-2/," The American Society for Gene + Cell Therapy (ASGCT) will award $100,000 to a postdoctoral or early-career oncology researcher from… ",ASGCT American Society of Gene + Cell Therapy,"Fellowship, Postdoctoral",08/01/2023,https://phd.northeastern.edu/wp-content/uploads/2022/07/ASGCT.png
93,FSF Jan S. Bashinski Criminalistics Graduate Thesis Assistance Grant,https://phd.northeastern.edu/opportunity/fsf-jan-s-bashinski-criminalistics-graduate-thesis-assistance-grant-2/, The Jan S. Bashinski Criminalistics Graduate Thesis Assistance Grant is to provide graduate students with financial assistance to complete their… ,Forensic Sciences Foundation,"Predoctoral, Grant",07/31/2023,https://phd.northeastern.edu/wp-content/uploads/2022/06/FSF-Forensic-Sciences-Foundation.png
94,MRS Bulletin Postdoctoral Publication Prize,https://phd.northeastern.edu/opportunity/mrs-bulletin-postdoctoral-publication-prize-2/, The MRS Bulletin Postdoctoral Publication Prize recognizes postdoctoral researchers for their intellectual merit and for their ability to demonstrate effective writing and… ,MRS Materials Research Society,"Postdoctoral, Award",07/31/2023,https://phd.northeastern.edu/wp-content/uploads/2022/06/MRS.png
95,APAGS/Psi Chi Junior Scientist Fellowship,https://phd.northeastern.edu/opportunity/apags-psi-chi-junior-scientist-fellowship-3/, The intent of the Junior Scientist Fellowship is twofold: To recognize outstanding research-oriented students who are entering their first year… ,APA - American Psychological Association,"Fellowship, Predoctoral",07/14/2023,https://phd.northeastern.edu/wp-content/uploads/2021/03/1-12.png
96,Humanae Society Fall Graduate Sabbatical Grants,https://phd.northeastern.edu/opportunity/humanae-society-fall-graduate-sabbatical-grants-2/," Program Overview Provides up to $15,000 to graduate students and postdocs to buy out teaching responsibilities for a semester. These… ",Institute for Humane Studies,"Fellowship, Predoctoral, Postdoctoral",07/15/2022,https://phd.northeastern.edu/wp-content/uploads/2020/03/IHS.png
97,Prevent Cancer Foundation Fellowships,https://phd.northeastern.edu/opportunity/prevent-cancer-foundation-fellowships-3/," For over 35 years, the Prevent Cancer Foundation has been funding research grants and fellowships that demonstrate potential for impact on cancer… ",Prevent Cancer Foundation,"Fellowship, Postdoctoral",07/11/2023,https://phd.northeastern.edu/wp-content/uploads/2022/06/Prevent-Cancer-Foundation.png
98,EMDR Foundation – Sandra Wilson Memorial Doctoral Dissertation Grant for Mental Health Research,https://phd.northeastern.edu/opportunity/emdr-foundation-sandra-wilson-memorial-doctoral-dissertation-grant-for-mental-health-research-4/, Sandra Wilson’s 1995 dissertation research was the basis for the first validating study of Shapiro’s original research.  To honor Dr.… ,EMDR Foundation,"Predoctoral, Grant",07/01/2023,https://phd.northeastern.edu/wp-content/uploads/2022/06/emdr.png
99,American Psychological Foundation Graduate Student Scholarships,https://phd.northeastern.edu/opportunity/american-psychological-foundation-graduate-student-scholarships-2/, The purpose of the scholarship program is to assist graduate students of psychology with research costs associated with the doctoral… ,APA - American Psychological Association,"Predoctoral, Scholarship",06/30/2023,https://phd.northeastern.edu/wp-content/uploads/2022/02/American-Psychological-Foundation.png
100,Brain Injury Association of America Dissertation Grants,https://phd.northeastern.edu/opportunity/brain-injury-association-of-america-dissertation-grants-2/," BIAA recognizes outstanding doctoral dissertations that contribute to our understanding of chronic brain injury and its causes, consequences and methods… ",BIAA Brain Injury Association of America,"Predoctoral, Grant",06/30/2023,https://phd.northeastern.edu/wp-content/uploads/2022/06/Brain-Injury-Association.png
101,Council of Graduate Schools / ProQuest – Distinguished Dissertation Awards,https://phd.northeastern.edu/opportunity/council-of-graduate-schools-proquest-distinguished-dissertation-awards-3/," First presented in 1981 and sponsored jointly by CGS and ProQuest, part of Clarivate, these awards are made each year… ",Council of Graduate Schools,"Predoctoral, Award",06/30/2023,https://phd.northeastern.edu/wp-content/uploads/2018/05/cgs.jpg
102,Grants for Species Conservation,https://phd.northeastern.edu/opportunity/grants-for-species-conservation-4/," The Fund has been established to provide targeted grants to individual species conservation initiatives, recognize leaders in the field and… ",Mohamed bin Zayed Species Conservation Fund,"Fellowship, Predoctoral, Postdoctoral",06/30/2023,https://phd.northeastern.edu/wp-content/uploads/2020/06/species.jpg
103,Strategy & Policy Fellows Program,https://phd.northeastern.edu/opportunity/strategy-policy-fellows-program-2/, The Smith Richardson Foundation sponsors an annual Strategy and Policy Fellows grant competition to support young scholars and policy thinkers… ,Smith Richardson Foundation,"Fellowship, Postdoctoral",06/15/2023,https://phd.northeastern.edu/wp-content/uploads/2022/06/Smith-Richardson-Foundation.png
104,,https://phd.northeastern.edu/opportunity/smithsonian-tropical-research-institute-short-term-fellowships/, The Short-Term Fellowship Program allows selected candidates to come to STRI at any time of the year and is an… ,,,06/15/2023,
105,Helen Hay Whitney Foundation – Research Fellowships,https://phd.northeastern.edu/opportunity/helen-hay-whitney-foundation-research-fellowships-4/, The Helen Hay Whitney Foundation supports early postdoctoral research training in all basic biomedical sciences. To attain its ultimate goal… ,The Helen Hay Whitney Foundation,"Fellowship, Predoctoral, Postdoctoral",06/15/2023,https://phd.northeastern.edu/wp-content/uploads/2018/01/helen-hay-whitney.png
106,FSF Field and Lucas Research Grants,https://phd.northeastern.edu/opportunity/fsf-field-and-lucas-research-grants-4/," The Forensic Sciences Foundation (FSF) Kenneth S. Field Grants (up to $1,500) and the Douglas M. Lucas Grants ($1,501–$6,000) are… ",Forensic Sciences Foundation,"Predoctoral, Postdoctoral, Grant",06/15/2023,https://phd.northeastern.edu/wp-content/uploads/2020/05/FSF.png
107,Claude A. Eggertsen Dissertation Prize,https://phd.northeastern.edu/opportunity/claude-a-eggertsen-dissertation-prize-2/, The History of Education Society is accepting submissions for the Claude A. Eggertsen Prize for the dissertation judged to be… ,HES History of Education Society,"Predoctoral, Award",06/15/2023,https://phd.northeastern.edu/wp-content/uploads/2022/06/HES.png
108,Spinal Cord Injury Research on the Translational Spectrum Postdoctoral Fellowship,https://phd.northeastern.edu/opportunity/spinal-cord-injury-research-on-the-translational-spectrum-postdoctoral-fellowship/," The Craig H. Neilsen Foundation is the largest private funder of spinal cord injury research, rehabilitation, clinical training, and programmatic… ",Craig H. Neilson Foundation,"Fellowship, Postdoctoral",06/09/2023,https://phd.northeastern.edu/wp-content/uploads/2022/01/craig-h.-neilsen-foundation.png
109,Boehringer Ingelheim Fonds Ph.D. Fellowships,https://phd.northeastern.edu/opportunity/boehringer-ingelheim-fonds-ph-d-fellowships-5/, The Boehringer Ingelheim Fonds awards PhD fellowships to outstanding junior scientists who wish to pursue an ambitious PhD project of… ,Boehringer Ingelheim Fonds,"Fellowship, Predoctoral",06/01/2023,https://phd.northeastern.edu/wp-content/uploads/2020/05/bif.png
110,,https://phd.northeastern.edu/opportunity/trailblazers-in-engineering-fellowship/, Trailblazers in Engineering (TBE) is a multi-day workshop focused on preparing future outstanding engineering scholars for future engineering faculty careers… ,,,05/24/2023,
111,American Psychiatric Nursing Foundation (APNF),https://phd.northeastern.edu/opportunity/american-psychiatric-nursing-foundation-apnf-2/, The American Psychiatric Nurses Association Research Grants program provides funding to enhance scientific contributions that advance the knowledge and practice… ,American Psychiatric Nursing Foundation (APNF),"Predoctoral, Grant",05/16/2023,https://phd.northeastern.edu/wp-content/uploads/2022/04/american-psychiatric-nurses-association.png
112,Gerber Foundation Novice Researcher Grant,https://phd.northeastern.edu/opportunity/gerber-foundation-novice-researcher-grant-4/, The Gerber Foundation has an interest in promoting the development of new investigators. Recognizing that many developing researchers may find… ,Gerber Foundation,"Fellowship, Predoctoral",05/15/2023,https://phd.northeastern.edu/wp-content/uploads/2018/01/gerber.jpg
113,The Women Who Empower Innovator Awards,https://phd.northeastern.edu/opportunity/the-women-who-empower-innovator-awards/," When we conceived the Women Who Empower Innovator Awards, we were excited about the program’s ability to help us reach… ",Northeastern University,Award,03/31/2023,https://phd.northeastern.edu/wp-content/uploads/2023/03/NEU.png
114,Northeastern University Dissertation Completion Fellowships,https://phd.northeastern.edu/opportunity/northeastern-university-dissertation-completion-fellowships-7/," Submit your application here by 5:00 pm on June 30, 2023! Dissertation Completion Fellowships provide a one-semester stipend to outstanding… ",Northeastern University,"Fellowship, Predoctoral",06/30/2023,https://phd.northeastern.edu/wp-content/uploads/2018/02/NEU.png
115,Atmospheric and Geospace Sciences Postdoctoral Research Fellowships (AGS-PRF),https://phd.northeastern.edu/opportunity/atmospheric-and-geospace-sciences-postdoctoral-research-fellowships-ags-prf-2/, ,NSF - National Science Foundation,"Fellowship, Postdoctoral",,https://phd.northeastern.edu/wp-content/uploads/2018/03/nsf1.jpg
116,Cornell University – Society for the Humanities – Mellon Postdoctoral Fellowship in Africana Studies,https://phd.northeastern.edu/opportunity/cornell-university-society-for-the-humanities-mellon-postdoctoral-fellowship-in-africana-studies/," With the sponsorship of the Society for the Humanities, the department of Africana Studies & Research Center invites applications for… ",Cornell University,"Fellowship, Postdoctoral",03/27/2023,https://phd.northeastern.edu/wp-content/uploads/2017/10/Cornell_University_seal.svg_-1024x1024.png
117,Berman/Topper Huntington Disease Career Development Fellowship,https://phd.northeastern.edu/opportunity/berman-topper-huntington-disease-career-development-fellowship-2/, Funding opportunities for young researchers wishing to study a rare disease like HD can be limited. The Huntington’s Disease Society of America (HDSA)… ,Huntington's Disease Society of America (HDSA),"Fellowship, Postdoctoral",03/17/2023,https://phd.northeastern.edu/wp-content/uploads/2022/02/huntington-disease.png
118,Atlantic Salmon Federation (ASF) / Federation du Saumon Atlantique – Olin Fellowship,https://phd.northeastern.edu/opportunity/atlantic-salmon-federation-asf-federation-du-saumon-atlantique-olin-fellowship-2/," The Atlantic Salmon Federation is dedicated to advancing knowledge of wild Atlantic salmon and their environment. Each year, Olin Fellowships… ",ASF - Atlantic Salmon Federation,"Fellowship, Predoctoral, Postdoctoral",03/15/2023,https://phd.northeastern.edu/wp-content/uploads/2017/12/ASF_C_Rounds_Bilingual-1024x1015.jpg
119,National Endowment for the Arts Creative Writing Fellowships,https://phd.northeastern.edu/opportunity/national-endowment-for-the-arts-creative-writing-fellowships/," The National Endowment for the Arts Literature Fellowships program offers $25,000 grants in prose (fiction and creative nonfiction) and poetry to published creative writers… ",NEA - National Endowment for the Arts,"Fellowship, Predoctoral, Postdoctoral",03/08/2023,https://phd.northeastern.edu/wp-content/uploads/2022/08/NEA.png
